Workbook

Sheet Trade Log
A1: Date | B1: Batch Time (ET) | C1: Ticker | D1: Entry Price | E1: Target | F1: Stop | G1: RVOL | H1: RSI | I1: Score | J1: Result | K1: Exit Price | L1: P&L $ | M1: P&L % | N1: Appearance #
A2: 2026-04-15 | B2: 09:31 | C2: MSFT | D2: 393.02 | E2: 395.44 | F2: 392.05 | G2: 4 | H2: 60 | I2: 75 | J2: WIN | K2: 395.44 | L2: 2.42 | M2: 0.00616 | N2: 1
A3: 2026-04-15 | B3: 09:31 | C3: GOOGL | D3: 332.94 | E3: 335.19 | F3: 332.04 | G3: 3.8 | H3: 61 | I3: 75 | J3: LOSS | K3: 332.04 | L3: -0.9 | M3: -0.0027 | N3: 1
A4: 2026-04-15 | B4: 09:31 | C4: DHR | D4: 198.6 | E4: 199.85 | F4: 198.1 | G4: 4.3 | H4: 55 | I4: 75 | J4: LOSS | K4: 198.1 | L4: -0.5 | M4: -0.00252 | N4: 1
A5: 2026-04-15 | B5: 09:31 | C5: BKNG | D5: 181.08 | E5: 182.8 | F5: 180.39 | G5: 4.7 | H5: 52 | I5: 75 | J5: WIN | K5: 182.8 | L5: 1.72 | M5: 0.0095 | N5: 1
A6: 2026-04-15 | B6: 09:31 | C6: LOW | D6: 248.39 | E6: 249.82 | F6: 247.82 | G6: 3.3 | H6: 69 | I6: 74 | J6: LOSS | K6: 247.82 | L6: -0.57 | M6: -0.0023 | N6: 1
A7: 2026-04-15 | B7: 09:31 | C7: AMD | D7: 255.06 | E7: 257.01 | F7: 254.28 | G7: 2.1 | H7: 67 | I7: 73 | J7: LOSS | K7: 254.28 | L7: -0.78 | M7: -0.00306 | N7: 1
A8: 2026-04-15 | B8: 09:31 | C8: NVDA | D8: 196.49 | E8: 197.92 | F8: 195.92 | G8: 3.7 | H8: 73 | I8: 72 | J8: WIN | K8: 197.92 | L8: 1.43 | M8: 0.00728 | N8: 1
A9: 2026-04-15 | B9: 09:31 | C9: SBUX | D9: 98.46 | E9: 99.08 | F9: 98.21 | G9: 5.1 | H9: 59 | I9: 71 | J9: LOSS | K9: 98.21 | L9: -0.25 | M9: -0.00254 | N9: 1
A10: 2026-04-15 | B10: 09:31 | C10: F | D10: 12.7 | E10: 12.8 | F10: 12.66 | G10: 6.9 | H10: 59 | I10: 71 | J10: LOSS | K10: 12.66 | L10: -0.04 | M10: -0.00315 | N10: 1
A11: 2026-04-15 | B11: 09:31 | C11: SOFI | D11: 17.92 | E11: 18.17 | F11: 17.82 | G11: 3.2 | H11: 62 | I11: 71 | J11: WIN | K11: 18.17 | L11: 0.25 | M11: 0.01395 | N11: 1
A12: 2026-04-15 | B12: 10:01 | C12: INTC | D12: 64.34 | E12: 66.09 | F12: 63.64 | G12: 1.6 | H12: 70 | I12: 68 | J12: LOSS | K12: 63.64 | L12: -0.7 | M12: -0.01088 | N12: 1
A13: 2026-04-15 | B13: 10:01 | C13: NET | D13: 185.38 | E13: 191.68 | F13: 182.86 | G13: 1.7 | H13: 74 | I13: 63 | J13: EOD | K13: 190.19 | L13: 4.81 | M13: 0.02595 | N13: 1
... A225: 2026-04-20 | B225: 15:31 | C225: USB | D225: 57.22 | E225: 57.52 | F225: 57.1 | G225: 1.3 | H225: 51 | I225: 50 | J225: LOSS | K225: 57.1 | L225: -0.12 | M225: -0.0020971688 | N225: 1

Sheet Daily Summary
A1: Date | B1: Total Picks | C1: Wins | D1: Losses | E1: EOD | F1: Win Rate % | G1: Net P&L $ | H1: Avg Win $ | I1: Avg Loss $ | J1: Actual R:R | K1: Notes
A2: 2026-04-15 | B2: =COUNTIF('Trade Log'!$A:$A,"2026-04-15") | C2: =COUNTIFS('Trade Log'!$A:$A,"2026-04-15",'Trade Log'!$J:$J,"WIN") | D2: =COUNTIFS('Trade Log'!$A:$A,"2026-04-15",'Trade Log'!$J:$J,"LOSS") | E2: =COUNTIFS('Trade Log'!$A:$A,"2026-04-15",'Trade Log'!$J:$J,"EOD") | F2: =IFERROR(C2/(C2+D2),"-") | G2: =SUMIF('Trade Log'!$A:$A,"2026-04-15",'Trade Log'!$L:$L) | H2: =IFERROR(AVERAGEIFS('Trade Log'!$L:$L,'Trade Log'!$A:$A,"2026-04-15",'Trade Log'!$J:$J,"WIN"),"-") | I2: =IFERROR(ABS(AVERAGEIFS('Trade Log'!$L:$L,'Trade Log'!$A:$A,"2026-04-15",'Trade Log'!$J:$J,"LOSS")),"-") | J2: =IFERROR(H2/I2,"-")
A3: 2026-04-16 | B3: =COUNTIF('Trade Log'!$A:$A,"2026-04-16") | C3: =COUNTIFS('Trade Log'!$A:$A,"2026-04-16",'Trade Log'!$J:$J,"WIN") | D3: =COUNTIFS('Trade Log'!$A:$A,"2026-04-16",'Trade Log'!$J:$J,"LOSS") | E3: =COUNTIFS('Trade Log'!$A:$A,"2026-04-16",'Trade Log'!$J:$J,"EOD") | F3: =IFERROR(C3/(C3+D3),"-") | G3: =SUMIF('Trade Log'!$A:$A,"2026-04-16",'Trade Log'!$L:$L) | H3: =IFERROR(AVERAGEIFS('Trade Log'!$L:$L,'Trade Log'!$A:$A,"2026-04-16",'Trade Log'!$J:$J,"WIN"),"-") | I3: =IFERROR(ABS(AVERAGEIFS('Trade Log'!$L:$L,'Trade Log'!$A:$A,"2026-04-16",'Trade Log'!$J:$J,"LOSS")),"-") | J3: =IFERROR(H3/I3,"-")
A4: TOTAL | B4: =SUM(B2:B3) | C4: =SUM(C2:C3) | D4: =SUM(D2:D3) | E4: =SUM(E2:E3) | F4: =IFERROR(C4/(C4+D4),"-") | G4: =SUM(G2:G3)
A5: 2026-04-20 | B5: 65 | C5: 8 | D5: 33 | E5: 24 | F5: 19.51 | G5: 10.02 | H5: 2.55 | I5: -1.0103 | J5: 2.524 | K5: 10 post-close picks excluded; SQ resolved via XYZ ticker (Block rebrand)

Sheet Batch Analysis
A1: Date | B1: Batch Time | C1: Picks | D1: Wins | E1: Losses | F1: EOD | G1: Win Rate %
A2: 2026-04-15 | B2: 09:31 | C2: =COUNTIFS('Trade Log'!$A:$A,"2026-04-15",'Trade Log'!$B:$B,"09:31") | D2: =COUNTIFS('Trade Log'!$A:$A,"2026-04-15",'Trade Log'!$B:$B,"09:31",'Trade Log'!$J:$J,"WIN") | E2: =COUNTIFS('Trade Log'!$A:$A,"2026-04-15",'Trade Log'!$B:$B,"09:31",'Trade Log'!$J:$J,"LOSS") | F2: =COUNTIFS('Trade Log'!$A:$A,"2026-04-15",'Trade Log'!$B:$B,"09:31",'Trade Log'!$J:$J,"EOD") | G2: =IFERROR(D2/(D2+E2),"-")
A3: 2026-04-15 | B3: 10:01 | C3: =COUNTIFS('Trade Log'!$A:$A,"2026-04-15",'Trade Log'!$B:$B,"10:01") | D3: =COUNTIFS('Trade Log'!$A:$A,"2026-04-15",'Trade Log'!$B:$B,"10:01",'Trade Log'!$J:$J,"WIN") | E3: =COUNTIFS('Trade Log'!$A:$A,"2026-04-15",'Trade Log'!$B:$B,"10:01",'Trade Log'!$J:$J,"LOSS") | F3: =COUNTIFS('Trade Log'!$A:$A,"2026-04-15",'Trade Log'!$B:$B,"10:01",'Trade Log'!$J:$J,"EOD") | G3: =IFERROR(D3/(D3+E3),"-")
A4: 2026-04-15 | B4: 10:31 | C4: =COUNTIFS('Trade Log'!$A:$A,"2026-04-15",'Trade Log'!$B:$B,"10:31") | D4: =COUNTIFS('Trade Log'!$A:$A,"2026-04-15",'Trade Log'!$B:$B,"10:31",'Trade Log'!$J:$J,"WIN") | E4: =COUNTIFS('Trade Log'!$A:$A,"2026-04-15",'Trade Log'!$B:$B,"10:31",'Trade Log'!$J:$J,"LOSS") | F4: =COUNTIFS('Trade Log'!$A:$A,"2026-04-15",'Trade Log'!$B:$B,"10:31",'Trade Log'!$J:$J,"EOD") | G4: =IFERROR(D4/(D4+E4),"-")
A5: 2026-04-15 | B5: 11:01 | C5: =COUNTIFS('Trade Log'!$A:$A,"2026-04-15",'Trade Log'!$B:$B,"11:01") | D5: =COUNTIFS('Trade Log'!$A:$A,"2026-04-15",'Trade Log'!$B:$B,"11:01",'Trade Log'!$J:$J,"WIN") | E5: =COUNTIFS('Trade Log'!$A:$A,"2026-04-15",'Trade Log'!$B:$B,"11:01",'Trade Log'!$J:$J,"LOSS") | F5: =COUNTIFS('Trade Log'!$A:$A,"2026-04-15",'Trade Log'!$B:$B,"11:01",'Trade Log'!$J:$J,"EOD") | G5: =IFERROR(D5/(D5+E5),"-")
A6: 2026-04-15 | B6: 11:31 | C6: =COUNTIFS('Trade Log'!$A:$A,"2026-04-15",'Trade Log'!$B:$B,"11:31") | D6: =COUNTIFS('Trade Log'!$A:$A,"2026-04-15",'Trade Log'!$B:$B,"11:31",'Trade Log'!$J:$J,"WIN") | E6: =COUNTIFS('Trade Log'!$A:$A,"2026-04-15",'Trade Log'!$B:$B,"11:31",'Trade Log'!$J:$J,"LOSS") | F6: =COUNTIFS('Trade Log'!$A:$A,"2026-04-15",'Trade Log'!$B:$B,"11:31",'Trade Log'!$J:$J,"EOD") | G6: =IFERROR(D6/(D6+E6),"-")
A7: 2026-04-15 | B7: 12:01 | C7: =COUNTIFS('Trade Log'!$A:$A,"2026-04-15",'Trade Log'!$B:$B,"12:01") | D7: =COUNTIFS('Trade Log'!$A:$A,"2026-04-15",'Trade Log'!$B:$B,"12:01",'Trade Log'!$J:$J,"WIN") | E7: =COUNTIFS('Trade Log'!$A:$A,"2026-04-15",'Trade Log'!$B:$B,"12:01",'Trade Log'!$J:$J,"LOSS") | F7: =COUNTIFS('Trade Log'!$A:$A,"2026-04-15",'Trade Log'!$B:$B,"12:01",'Trade Log'!$J:$J,"EOD") | G7: =IFERROR(D7/(D7+E7),"-")
A8: 2026-04-15 | B8: 12:31 | C8: =COUNTIFS('Trade Log'!$A:$A,"2026-04-15",'Trade Log'!$B:$B,"12:31") | D8: =COUNTIFS('Trade Log'!$A:$A,"2026-04-15",'Trade Log'!$B:$B,"12:31",'Trade Log'!$J:$J,"WIN") | E8: =COUNTIFS('Trade Log'!$A:$A,"2026-04-15",'Trade Log'!$B:$B,"12:31",'Trade Log'!$J:$J,"LOSS") | F8: =COUNTIFS('Trade Log'!$A:$A,"2026-04-15",'Trade Log'!$B:$B,"12:31",'Trade Log'!$J:$J,"EOD") | G8: =IFERROR(D8/(D8+E8),"-")
A9: 2026-04-15 | B9: 13:01 | C9: =COUNTIFS('Trade Log'!$A:$A,"2026-04-15",'Trade Log'!$B:$B,"13:01") | D9: =COUNTIFS('Trade Log'!$A:$A,"2026-04-15",'Trade Log'!$B:$B,"13:01",'Trade Log'!$J:$J,"WIN") | E9: =COUNTIFS('Trade Log'!$A:$A,"2026-04-15",'Trade Log'!$B:$B,"13:01",'Trade Log'!$J:$J,"LOSS") | F9: =COUNTIFS('Trade Log'!$A:$A,"2026-04-15",'Trade Log'!$B:$B,"13:01",'Trade Log'!$J:$J,"EOD") | G9: =IFERROR(D9/(D9+E9),"-")
A10: 2026-04-15 | B10: 13:31 | C10: =COUNTIFS('Trade Log'!$A:$A,"2026-04-15",'Trade Log'!$B:$B,"13:31") | D10: =COUNTIFS('Trade Log'!$A:$A,"2026-04-15",'Trade Log'!$B:$B,"13:31",'Trade Log'!$J:$J,"WIN") | E10: =COUNTIFS('Trade Log'!$A:$A,"2026-04-15",'Trade Log'!$B:$B,"13:31",'Trade Log'!$J:$J,"LOSS") | F10: =COUNTIFS('Trade Log'!$A:$A,"2026-04-15",'Trade Log'!$B:$B,"13:31",'Trade Log'!$J:$J,"EOD") | G10: =IFERROR(D10/(D10+E10),"-")
A11: 2026-04-15 | B11: 14:01 | C11: =COUNTIFS('Trade Log'!$A:$A,"2026-04-15",'Trade Log'!$B:$B,"14:01") | D11: =COUNTIFS('Trade Log'!$A:$A,"2026-04-15",'Trade Log'!$B:$B,"14:01",'Trade Log'!$J:$J,"WIN") | E11: =COUNTIFS('Trade Log'!$A:$A,"2026-04-15",'Trade Log'!$B:$B,"14:01",'Trade Log'!$J:$J,"LOSS") | F11: =COUNTIFS('Trade Log'!$A:$A,"2026-04-15",'Trade Log'!$B:$B,"14:01",'Trade Log'!$J:$J,"EOD") | G11: =IFERROR(D11/(D11+E11),"-")
A12: 2026-04-15 | B12: 14:31 | C12: =COUNTIFS('Trade Log'!$A:$A,"2026-04-15",'Trade Log'!$B:$B,"14:31") | D12: =COUNTIFS('Trade Log'!$A:$A,"2026-04-15",'Trade Log'!$B:$B,"14:31",'Trade Log'!$J:$J,"WIN") | E12: =COUNTIFS('Trade Log'!$A:$A,"2026-04-15",'Trade Log'!$B:$B,"14:31",'Trade Log'!$J:$J,"LOSS") | F12: =COUNTIFS('Trade Log'!$A:$A,"2026-04-15",'Trade Log'!$B:$B,"14:31",'Trade Log'!$J:$J,"EOD") | G12: =IFERROR(D12/(D12+E12),"-")
A13: 2026-04-15 | B13: 15:01 | C13: =COUNTIFS('Trade Log'!$A:$A,"2026-04-15",'Trade Log'!$B:$B,"15:01") | D13: =COUNTIFS('Trade Log'!$A:$A,"2026-04-15",'Trade Log'!$B:$B,"15:01",'Trade Log'!$J:$J,"WIN") | E13: =COUNTIFS('Trade Log'!$A:$A,"2026-04-15",'Trade Log'!$B:$B,"15:01",'Trade Log'!$J:$J,"LOSS") | F13: =COUNTIFS('Trade Log'!$A:$A,"2026-04-15",'Trade Log'!$B:$B,"15:01",'Trade Log'!$J:$J,"EOD") | G13: =IFERROR(D13/(D13+E13),"-")
A14: 2026-04-15 | B14: 15:31 | C14: =COUNTIFS('Trade Log'!$A:$A,"2026-04-15",'Trade Log'!$B:$B,"15:31") | D14: =COUNTIFS('Trade Log'!$A:$A,"2026-04-15",'Trade Log'!$B:$B,"15:31",'Trade Log'!$J:$J,"WIN") | E14: =COUNTIFS('Trade Log'!$A:$A,"2026-04-15",'Trade Log'!$B:$B,"15:31",'Trade Log'!$J:$J,"LOSS") | F14: =COUNTIFS('Trade Log'!$A:$A,"2026-04-15",'Trade Log'!$B:$B,"15:31",'Trade Log'!$J:$J,"EOD") | G14: =IFERROR(D14/(D14+E14),"-")
A15: 2026-04-16 | B15: 09:31 | C15: =COUNTIFS('Trade Log'!$A:$A,"2026-04-16",'Trade Log'!$B:$B,"09:31") | D15: =COUNTIFS('Trade Log'!$A:$A,"2026-04-16",'Trade Log'!$B:$B,"09:31",'Trade Log'!$J:$J,"WIN") | E15: =COUNTIFS('Trade Log'!$A:$A,"2026-04-16",'Trade Log'!$B:$B,"09:31",'Trade Log'!$J:$J,"LOSS") | F15: =COUNTIFS('Trade Log'!$A:$A,"2026-04-16",'Trade Log'!$B:$B,"09:31",'Trade Log'!$J:$J,"EOD") | G15: =IFERROR(D15/(D15+E15),"-")
A16: 2026-04-16 | B16: 10:02 | C16: =COUNTIFS('Trade Log'!$A:$A,"2026-04-16",'Trade Log'!$B:$B,"10:02") | D16: =COUNTIFS('Trade Log'!$A:$A,"2026-04-16",'Trade Log'!$B:$B,"10:02",'Trade Log'!$J:$J,"WIN") | E16: =COUNTIFS('Trade Log'!$A:$A,"2026-04-16",'Trade Log'!$B:$B,"10:02",'Trade Log'!$J:$J,"LOSS") | F16: =COUNTIFS('Trade Log'!$A:$A,"2026-04-16",'Trade Log'!$B:$B,"10:02",'Trade Log'!$J:$J,"EOD") | G16: =IFERROR(D16/(D16+E16),"-")
A17: 2026-04-16 | B17: 10:31 | C17: =COUNTIFS('Trade Log'!$A:$A,"2026-04-16",'Trade Log'!$B:$B,"10:31") | D17: =COUNTIFS('Trade Log'!$A:$A,"2026-04-16",'Trade Log'!$B:$B,"10:31",'Trade Log'!$J:$J,"WIN") | E17: =COUNTIFS('Trade Log'!$A:$A,"2026-04-16",'Trade Log'!$B:$B,"10:31",'Trade Log'!$J:$J,"LOSS") | F17: =COUNTIFS('Trade Log'!$A:$A,"2026-04-16",'Trade Log'!$B:$B,"10:31",'Trade Log'!$J:$J,"EOD") | G17: =IFERROR(D17/(D17+E17),"-")
A18: 2026-04-16 | B18: 11:01 | C18: =COUNTIFS('Trade Log'!$A:$A,"2026-04-16",'Trade Log'!$B:$B,"11:01") | D18: =COUNTIFS('Trade Log'!$A:$A,"2026-04-16",'Trade Log'!$B:$B,"11:01",'Trade Log'!$J:$J,"WIN") | E18: =COUNTIFS('Trade Log'!$A:$A,"2026-04-16",'Trade Log'!$B:$B,"11:01",'Trade Log'!$J:$J,"LOSS") | F18: =COUNTIFS('Trade Log'!$A:$A,"2026-04-16",'Trade Log'!$B:$B,"11:01",'Trade Log'!$J:$J,"EOD") | G18: =IFERROR(D18/(D18+E18),"-")
A19: 2026-04-16 | B19: 11:31 | C19: =COUNTIFS('Trade Log'!$A:$A,"2026-04-16",'Trade Log'!$B:$B,"11:31") | D19: =COUNTIFS('Trade Log'!$A:$A,"2026-04-16",'Trade Log'!$B:$B,"11:31",'Trade Log'!$J:$J,"WIN") | E19: =COUNTIFS('Trade Log'!$A:$A,"2026-04-16",'Trade Log'!$B:$B,"11:31",'Trade Log'!$J:$J,"LOSS") | F19: =COUNTIFS('Trade Log'!$A:$A,"2026-04-16",'Trade Log'!$B:$B,"11:31",'Trade Log'!$J:$J,"EOD") | G19: =IFERROR(D19/(D19+E19),"-")
A20: 2026-04-20 | B20: 11:51 | C20: 5 | D20: 1 | E20: 3 | F20: 1 | G20: 25
A21: 2026-04-20 | B21: 12:03 | C21: 15 | D21: 0 | E21: 9 | F21: 6 | G21: 0
A22: 2026-04-20 | B22: 12:07 | C22: 5 | D22: 1 | E22: 4 | F22: 0 | G22: 20
A23: 2026-04-20 | B23: 12:13 | C23: 4 | D23: 1 | E23: 3 | F23: 0 | G23: 25
A24: 2026-04-20 | B24: 12:31 | C24: 2 | D24: 1 | E24: 0 | F24: 1 | G24: 100
A25: 2026-04-20 | B25: 13:00 | C25: 1 | D25: 1 | E25: 0 | F25: 0 | G25: 100
A26: 2026-04-20 | B26: 13:01 | C26: 2 | D26: 0 | E26: 2 | F26: 0 | G26: 0
A27: 2026-04-20 | B27: 13:31 | C27: 5 | D27: 0 | E27: 3 | F27: 2 | G27: 0
A28: 2026-04-20 | B28: 13:57 | C28: 1 | D28: 0 | E28: 1 | F28: 0 | G28: 0
A29: 2026-04-20 | B29: 14:01 | C29: 2 | D29: 0 | E29: 1 | F29: 1 | G29: 0
A30: 2026-04-20 | B30: 14:28 | C30: 7 | D30: 3 | E30: 1 | F30: 3 | G30: 75
A31: 2026-04-20 | B31: 14:31 | C31: 6 | D31: 0 | E31: 2 | F31: 4 | G31: 0
... A34: 2026-04-20 | B34: 15:31 | C34: 4 | D34: 0 | E34: 2 | F34: 2 | G34: 0

Sheet Indicator Stats
A1: Metric | B1: Winners Mean | C1: Winners Median | D1: Losers Mean | E1: Losers Median | F1: EOD Mean | G1: EOD Median
A2: Score | B2: =IFERROR(AVERAGEIF('Trade Log'!$J:$J,"WIN",'Trade Log'!$I:$I),"-") | C2: =IFERROR(MEDIAN(IF('Trade Log'!$J:$J="WIN",'Trade Log'!$I:$I)),"-") | D2: =IFERROR(AVERAGEIF('Trade Log'!$J:$J,"LOSS",'Trade Log'!$I:$I),"-") | E2: =IFERROR(MEDIAN(IF('Trade Log'!$J:$J="LOSS",'Trade Log'!$I:$I)),"-") | F2: =IFERROR(AVERAGEIF('Trade Log'!$J:$J,"EOD",'Trade Log'!$I:$I),"-") | G2: =IFERROR(MEDIAN(IF('Trade Log'!$J:$J="EOD",'Trade Log'!$I:$I)),"-")
A3: RVOL | B3: =IFERROR(AVERAGEIF('Trade Log'!$J:$J,"WIN",'Trade Log'!$G:$G),"-") | C3: =IFERROR(MEDIAN(IF('Trade Log'!$J:$J="WIN",'Trade Log'!$G:$G)),"-") | D3: =IFERROR(AVERAGEIF('Trade Log'!$J:$J,"LOSS",'Trade Log'!$G:$G),"-") | E3: =IFERROR(MEDIAN(IF('Trade Log'!$J:$J="LOSS",'Trade Log'!$G:$G)),"-") | F3: =IFERROR(AVERAGEIF('Trade Log'!$J:$J,"EOD",'Trade Log'!$G:$G),"-") | G3: =IFERROR(MEDIAN(IF('Trade Log'!$J:$J="EOD",'Trade Log'!$G:$G)),"-")
A4: RSI | B4: =IFERROR(AVERAGEIF('Trade Log'!$J:$J,"WIN",'Trade Log'!$H:$H),"-") | C4: =IFERROR(MEDIAN(IF('Trade Log'!$J:$J="WIN",'Trade Log'!$H:$H)),"-") | D4: =IFERROR(AVERAGEIF('Trade Log'!$J:$J,"LOSS",'Trade Log'!$H:$H),"-") | E4: =IFERROR(MEDIAN(IF('Trade Log'!$J:$J="LOSS",'Trade Log'!$H:$H)),"-") | F4: =IFERROR(AVERAGEIF('Trade Log'!$J:$J,"EOD",'Trade Log'!$H:$H),"-") | G4: =IFERROR(MEDIAN(IF('Trade Log'!$J:$J="EOD",'Trade Log'!$H:$H)),"-")
A5: P&L $ | B5: =IFERROR(AVERAGEIF('Trade Log'!$J:$J,"WIN",'Trade Log'!$L:$L),"-") | C5: =IFERROR(MEDIAN(IF('Trade Log'!$J:$J="WIN",'Trade Log'!$L:$L)),"-") | D5: =IFERROR(AVERAGEIF('Trade Log'!$J:$J,"LOSS",'Trade Log'!$L:$L),"-") | E5: =IFERROR(MEDIAN(IF('Trade Log'!$J:$J="LOSS",'Trade Log'!$L:$L)),"-") | F5: =IFERROR(AVERAGEIF('Trade Log'!$J:$J,"EOD",'Trade Log'!$L:$L),"-") | G5: =IFERROR(MEDIAN(IF('Trade Log'!$J:$J="EOD",'Trade Log'!$L:$L)),"-")
A6: P&L % | B6: =IFERROR(AVERAGEIF('Trade Log'!$J:$J,"WIN",'Trade Log'!$M:$M),"-") | C6: =IFERROR(MEDIAN(IF('Trade Log'!$J:$J="WIN",'Trade Log'!$M:$M)),"-") | D6: =IFERROR(AVERAGEIF('Trade Log'!$J:$J,"LOSS",'Trade Log'!$M:$M),"-") | E6: =IFERROR(MEDIAN(IF('Trade Log'!$J:$J="LOSS",'Trade Log'!$M:$M)),"-") | F6: =IFERROR(AVERAGEIF('Trade Log'!$J:$J,"EOD",'Trade Log'!$M:$M),"-") | G6: =IFERROR(MEDIAN(IF('Trade Log'!$J:$J="EOD",'Trade Log'!$M:$M)),"-")
